package_name,zip_size_bytes,zip_size_human,under_500MB
010_XLM_ENGLISH_SEED_42_part01of03.zip,487984069,465.38 MB,True
010_XLM_ENGLISH_SEED_42_part02of03.zip,487588653,465.00 MB,True
010_XLM_ENGLISH_SEED_42_part03of03.zip,137065392,130.72 MB,True
013_XLM_ENGLISH_SEED_2026_part01of03.zip,487984099,465.38 MB,True
013_XLM_ENGLISH_SEED_2026_part02of03.zip,487588656,465.00 MB,True
013_XLM_ENGLISH_SEED_2026_part03of03.zip,137065394,130.72 MB,True
01_RESEARCH_METADATA_REPORTS_AUDITS.zip,23603393,22.51 MB,True
02_DATASETS_NATIVE_AND_MVSA_SINGLE.zip,269590399,257.10 MB,True
03_MVSA_MULTIPLE_part01of02.zip,487588614,465.00 MB,True
03_MVSA_MULTIPLE_part02of02.zip,459515011,438.23 MB,True
04_UNPACKAGED_RESEARCH_METADATA.zip,27308,26.67 KB,True
05_MODELS_NON_XLM.zip,370645196,353.47 MB,True
06_XLM_SHARED_TOKENIZER.zip,17099330,16.31 MB,True
07_XLM_ENGLISH_SEED_13_part01of03.zip,487984069,465.38 MB,True
07_XLM_ENGLISH_SEED_13_part02of03.zip,487588651,465.00 MB,True
07_XLM_ENGLISH_SEED_13_part03of03.zip,137065395,130.72 MB,True
16_REMAINING_OUTPUTS_PREDICTIONS_FIGURES.zip,33962341,32.39 MB,True
